{	"UART_BAUD_RATE": {
		"RATE_4800": 0,
		"RATE_9600": 1,
		"RATE_19200": 2,
		"RATE_38400": 3,
		"RATE_57600": 4,
		"RATE_115200": 5
	},
	"RESET_MODULE": {
		"RESET_MODULE_TO_FACTORY_SETTING": 54,
		"RESET_MODULE_TO_RESET_USER_DATA": 53,
		"RESTART_MODULE": 85
	},
	"BOARDCAST_PERIOD": {
		"PERIOD_200MS": 0,
		"PERIOD_500MS": 1,
		"PERIOD_1000MS": 2,
		"PERIOD_1500MS": 3,
		"PERIOD_2000MS": 4,
		"PERIOD_2500MS": 5,
		"PERIOD_3000MS": 6,
		"PERIOD_4000MS": 7,
		"PERIOD_5000MS": 8
	},
	"TRANSMIT_POWER": {
		"POWER_PLUS_4DBM": 0,
		"POWER_ODBM": 1,
		"POWER_MINUS_6DBM": 2,
		"POWER_MINUS_23DBM": 3
	},
	"REMOTE_CONTROL_EXTENSION": {
		"SAVE_IO_STATE": 0,
		"FORCE_SLEEP_MODE": 1,
		"DISCONNECT_BT_CLIENT": 2,
		"WRITE_CUSTOM_BOARDCAST_DATA_TO_FLASH": 3
	}
}