{	"PRODUCT_ID": 5,
	"COMMAND_CODE": {
		"SET_IR_REMOTE_ONOFF": 16,
		"GET_IR_REMOTE_ONOFF": 17,

		"SET_RADAR_MODE": 12,
		"GET_RADAR_MODE": 13,

		"SET_DETECTION_MODE": 14,
		"GET_DETECTION_MODE": 15,

		"SET_GESTURE_MODE": 10,
		"GET_GESTURE_MODE": 11,

		"CHECK_BOOT_MODE": 	255,

		"SHOULD_POWER_OFF": 251,
		"REBOOT": 251,
		"SHOULD_SLEEP": 250,
		"SHOULD_DISCONNECT_APP_MODE": 254,
		"SHOULD_FORCE_BLE_DISCONNECT": 252,

		"SET_USER_DATA": 18,
		"GET_USER_DATA": 19,

		"SET_GAME_MODE": 118,
		"GET_GAME_MDOE": 120,

		"SET_VOLUME_LEVEL": 21,
		"GET_VOLUME_LEVEL": 22,

		"GET_SOFTWARE_VERSION": 20,
		"GET_HARDWARE_VERSION": 25,

		"SHOULD_FALLOVER": 8,

		"PLAY_SOUND": 6,

		"STOP": 119,

		"SHAKE_DETECTED": 26,

		"GET_ODEMETER": 133,
		"RESET_ODEMETER": 134,

		"GET_STATUS": 121,

		"GET_WEIGHT_LEVEL": 129,
		"GET_CHEST_RGB_LED": 131,
		"SET_CHEST_RGB_LED": 132,
		"FLASH_CHEST_RGB_LED": 137,
		"GET_HEAD_LED": 138,
		"SET_HEAD_LED": 139,

		"TRANSMIT_IR_COMMAND": 140,
		"RECEIVE_IR_COMMAND": 3,

		"DRIVE_CONTINOUS": 120,
		"DRIVE_FIXED_DISTANCE": 112,
		"DRIVE_FORWARD_WITH_TIME": 113,
		"DRIVE_BACKWARD_WITH_TIME": 114,

		"TURN_LEFT_BY_ANGLE": 115,
		"TURN_RIGHT_BY_ANGLE": 116,

		"SET_HACKER_UART_MODE": 1,
		"GET_HACKER_UART_MODE": 2,

		"SEND_WOWWEE_IR_DONGLE_CODE": 140,

		"CLAPS_DETECTED": 29,
		"GET_CLAPS_DETECTION_STATUS": 30,
		"CLAPS_DETECTION_STATUS": 31,
		"SET_CLAPS_DETECTION_TIMING": 32,

		"HACKER_UART_CONNECTED_STATUS_UPDATED": 28,
		"SET_MIP_DETECTION_MODE": 14,
		"GET_MIP_DETECTION_MODE": 15,
		"OTHER_MIP_DETECTED": 4,

		"GET_UP_FROM_POSITION": 35,

		"GET_TOY_ACTIVATED_STATUS": 33,
		"SET_TOY_ACTIVATED_STATUS": 34
	},
 	"DRIVE_CONTINOUS_VALUE": {
		"FW_SPEED1": 0,
		"BW_SPEED1": 32,
		"LEFT_SPEED1": 96,
		"RIGHT_SPEED1": 64
	},
 	"SOUND_FILE": {
		"ONEKHZ_500MS_8K16BIT": 1,
		"ACTION_BURPING": 2,
		"ACTION_DRINKING": 3,
		"ACTION_EATING": 4,
		"ACTION_FARTING_SHORT": 5,
		"ACTION_OUT_OF_BREATH": 6,
		"BOXING_PUNCHCONNECT_1": 7,
		"BOXING_PUNCHCONNECT_2": 8,
		"BOXING_PUNCHCONNECT_3": 9,
		"FREESTYLE_TRACKING_1": 10,
		"MIP_1": 11,
		"MIP_2": 12,
		"MIP_3": 13,
		"MIP_APP": 14,
		"MIP_AWWW": 15,
		"MIP_BIG_SHOT": 16,
		"MIP_BLEH": 17,
		"MIP_BOOM": 18,
		"MIP_BYE": 19,
		"MIP_CONVERSE_1": 20,
		"MIP_CONVERSE_2": 21,
		"MIP_DROP": 22,
		"MIP_DUNNO": 23,
		"MIP_FALL_OVER_1": 24,
		"MIP_FALL_OVER_2": 25,
		"MIP_FIGHT": 26,
		"MIP_GAME": 27,
		"MIP_GLOAT": 28,
		"MIP_GO": 29,
		"MIP_GOGOGO": 30,
		"MIP_GRUNT_1": 31,
		"MIP_GRUNT_2": 32,
		"MIP_GRUNT_3": 33,
		"MIP_HAHA_GOT_IT": 34,
		"MIP_HI_CONFIDENT": 35,
		"MIP_HI_NOT_SURE": 36,
		"MIP_HI_SCARED": 37,
		"MIP_HUH": 38,
		"MIP_HUMMING_1": 39,
		"MIP_HUMMING_2": 40,
		"MIP_HURT": 41,
		"MIP_HUUURGH": 42,
		"MIP_IN_LOVE": 43,
		"MIP_IT": 44,
		"MIP_JOKE": 45,
		"MIP_K": 46,
		"MIP_LOOP_1": 47,
		"MIP_LOOP_2": 48,
		"MIP_LOW_BATTERY": 49,
		"MIP_MIPPEE": 50,
		"MIP_MORE": 51,
		"MIP_MUAH_HA": 52,
		"MIP_MUSIC": 53,
		"MIP_OBSTACLE": 54,
		"MIP_OHOH": 55,
		"MIP_OH_YEAH": 56,
		"MIP_OOPSIE": 57,
		"MIP_OUCH_1": 58,
		"MIP_OUCH_2": 59,
		"MIP_PLAY": 60,
		"MIP_PUSH": 61,
		"MIP_RUN": 62,
		"MIP_SHAKE": 63,
		"MIP_SIGH": 64,
		"MIP_SINGING": 65,
		"MIP_SNEEZE": 66,
		"MIP_SNORE": 67,
		"MIP_STACK": 68,
		"MIP_SWIPE_1": 69,
		"MIP_SWIPE_2": 70,
		"MIP_TRICKS": 71,
		"MIP_TRIIICK": 72,
		"MIP_TRUMPET": 73,
		"MIP_WAAAAA": 74,
		"MIP_WAKEY": 75,
		"MIP_WHEEE": 76,
		"MIP_WHISTLING": 77,
		"MIP_WHOAH": 78,
		"MIP_WOO": 79,
		"MIP_YEAH": 80,
		"MIP_YEEESSS": 81,
		"MIP_YO": 82,
		"MIP_YUMMY": 83,
		"MOOD_ACTIVATED": 84,
		"MOOD_ANGRY": 85,
		"MOOD_ANXIOUS": 86,
		"MOOD_BORING": 87,
		"MOOD_CRANKY": 88,
		"MOOD_ENERGETIC": 89,
		"MOOD_EXCITED": 90,
		"MOOD_GIDDY": 91,
		"MOOD_GRUMPY": 92,
		"MOOD_HAPPY": 93,
		"MOOD_IDEA": 94,
		"MOOD_IMPATIENT": 95,
		"MOOD_NICE": 96,
		"MOOD_SAD": 97,
		"MOOD_SHORT": 98,
		"MOOD_SLEEPY": 99,
		"MOOD_TIRED": 100,
		"SOUND_BOOST": 101,
		"SOUND_CAGE": 102,
		"SOUND_GUNS": 103,
		"SOUND_ZINGS": 104,
		"SHORT_MUTE_FOR_STOP": 105,
		"FREESTYLE_TRACKING_2": 106
	},
 	"DRIVE_DIRECTION": {
		"TURN_CLOCKWISE": 0,
		"TURN_ANTI_CLOCKWISE": 1,
		"FORWARD": 0,
		"BACKWARD": 1
	},
 	"POSITION_VALUE": {
		"ON_BACK": 0,
		"FACEDOWN": 1,
		"UP_RIGHT": 2,
		"PICKED_UP": 3,
		"HANDSTAND": 4,
		"FACEDOWN_TRAY": 5,
		"BACK_WITH_KICKSTAND": 6
	},
 	"HEAD_LED": {
		"OFF": 0,
		"ON": 1,
		"BLINK_SLOW": 2,
		"BLINK_FAST": 3,
		"FADE_IN": 4
	},
 	"PING_RESPONSE": {
		"NORMAL_ROM_NO_BOOT_LOADER": 1,
		"NORMAL_ROM_HAS_BOOT_LOADER": 2,
		"BOOT_LOADER": 3
	},
 	"RESET_MCU": {
		"NORMAL_RESET": 1,
		"RESET_AND_FORCE_BOOT_LOADER": 2
	}
}